Timestamp,Condition,Temperature (Â°C)
2025-01-17 00:00:00,AC,23.819472276643623
2025-01-17 00:01:00,Fan,22.56340429473651
2025-01-17 00:02:00,Fan,26.035612709350758
2025-01-17 00:03:00,Fan,24.662501315827427
2025-01-17 00:04:00,AC,23.20885352626503
2025-01-17 00:05:00,AC,19.062898736684314
2025-01-17 00:06:00,AC,22.15575571335699
2025-01-17 00:07:00,Fan,27.02869173788866
2025-01-17 00:08:00,Fan,27.66768531684414
2025-01-17 00:09:00,Fan,26.099488169737874
2025-01-17 00:10:00,AC,20.983048584050565
2025-01-17 00:11:00,Fan,25.70708344120728
2025-01-17 00:12:00,Fan,27.21342990687231
2025-01-17 00:13:00,AC,21.42365847983298
2025-01-17 00:14:00,AC,18.182322358181022
2025-01-17 00:15:00,AC,23.585692173041867
2025-01-17 00:16:00,AC,22.137160506189367
2025-01-17 00:17:00,Fan,26.05908031466348
2025-01-17 00:18:00,AC,19.294050914386304
2025-01-17 00:19:00,AC,21.953312821395944
2025-01-17 00:20:00,Fan,24.36318643392495
2025-01-17 00:21:00,AC,21.907397862248953
2025-01-17 00:22:00,AC,18.639558181847946
2025-01-17 00:23:00,AC,21.947071827618217
2025-01-17 00:24:00,AC,23.996482354624
2025-01-17 00:25:00,Fan,22.289272233163338
2025-01-17 00:26:00,AC,23.863045105327906
2025-01-17 00:27:00,Fan,24.441447764337223
2025-01-17 00:28:00,Fan,27.224520702023554
2025-01-17 00:29:00,AC,22.69431290434964
2025-01-17 00:30:00,Fan,25.402097565920005
2025-01-17 00:31:00,AC,22.43069525550796
2025-01-17 00:32:00,AC,23.27109336780809
2025-01-17 00:33:00,Fan,24.424841929906197
2025-01-17 00:34:00,Fan,23.962198969379433
2025-01-17 00:35:00,Fan,26.00556031338151
2025-01-17 00:36:00,AC,22.84707565164755
2025-01-17 00:37:00,AC,22.573710808659694
2025-01-17 00:38:00,Fan,26.786881893151808
2025-01-17 00:39:00,AC,20.613499888877598
2025-01-17 00:40:00,AC,22.90700529705013
2025-01-17 00:41:00,AC,18.72125433222365
2025-01-17 00:42:00,AC,21.266934587765096
2025-01-17 00:43:00,Fan,22.03455196298873
2025-01-17 00:44:00,AC,19.94751497940162
2025-01-17 00:45:00,Fan,24.198769209228388
2025-01-17 00:46:00,AC,20.37703614965553
2025-01-17 00:47:00,Fan,26.172803240139174
2025-01-17 00:48:00,Fan,24.331348607622076
2025-01-17 00:49:00,AC,20.692161735735183
2025-01-17 00:50:00,Fan,23.425264785245965
2025-01-17 00:51:00,Fan,24.23951074977604
2025-01-17 00:52:00,Fan,23.363617763578908
2025-01-17 00:53:00,Fan,22.439175542610663
2025-01-17 00:54:00,Fan,25.620691560288268
2025-01-17 00:55:00,Fan,26.009276791330098
2025-01-17 00:56:00,AC,21.716942076057688
2025-01-17 00:57:00,AC,20.780964262803433
2025-01-17 00:58:00,AC,20.278714681075378
2025-01-17 00:59:00,AC,23.18000189743095
2025-01-17 01:00:00,AC,21.114490710817307
2025-01-17 01:01:00,AC,20.875091265778387
2025-01-17 01:02:00,Fan,22.153852394838616
2025-01-17 01:03:00,AC,20.04748696575694
2025-01-17 01:04:00,AC,20.28117371271514
2025-01-17 01:05:00,Fan,24.392936685381404
2025-01-17 01:06:00,AC,21.481034215363994
2025-01-17 01:07:00,Fan,25.20161528036127
2025-01-17 01:08:00,AC,21.647430556760668
2025-01-17 01:09:00,Fan,26.58929956925277
2025-01-17 01:10:00,Fan,26.87791443229656
2025-01-17 01:11:00,AC,22.308738457358967
2025-01-17 01:12:00,AC,23.733142175729608
2025-01-17 01:13:00,Fan,22.10939549605817
2025-01-17 01:14:00,Fan,23.174667914101278
2025-01-17 01:15:00,Fan,22.045377249868853
2025-01-17 01:16:00,Fan,25.884848284927617
2025-01-17 01:17:00,AC,23.38818329369992
2025-01-17 01:18:00,AC,19.460893779457795
2025-01-17 01:19:00,AC,23.56220726877784
2025-01-17 01:20:00,Fan,22.361604341737365
2025-01-17 01:21:00,Fan,27.606616160833084
2025-01-17 01:22:00,AC,20.109736123437806
2025-01-17 01:23:00,AC,18.6085249706953
2025-01-17 01:24:00,AC,20.915230555117954
2025-01-17 01:25:00,AC,19.540659406323048
2025-01-17 01:26:00,Fan,23.709237411771536
2025-01-17 01:27:00,Fan,23.84373978955772
2025-01-17 01:28:00,Fan,26.818155386995983
2025-01-17 01:29:00,AC,21.234967660051527
2025-01-17 01:30:00,AC,19.86784619493602
2025-01-17 01:31:00,Fan,25.66200269986551
2025-01-17 01:32:00,Fan,26.29690404533916
2025-01-17 01:33:00,Fan,23.635744004401204
2025-01-17 01:34:00,Fan,24.48129460915211
2025-01-17 01:35:00,AC,18.731316560021686
2025-01-17 01:36:00,Fan,23.086896097208083
2025-01-17 01:37:00,AC,22.086707123789896
2025-01-17 01:38:00,AC,19.08863008617376
2025-01-17 01:39:00,AC,21.15098030200236
2025-01-17 01:40:00,AC,22.254277570334594
2025-01-17 01:41:00,Fan,22.641261538568465
2025-01-17 01:42:00,AC,21.40387331777342
2025-01-17 01:43:00,Fan,23.539376702208184
2025-01-17 01:44:00,Fan,27.777561251425478
2025-01-17 01:45:00,AC,20.90127388031955
2025-01-17 01:46:00,AC,22.835955298650948
2025-01-17 01:47:00,Fan,25.30135925293757
2025-01-17 01:48:00,AC,18.260475197128915
2025-01-17 01:49:00,AC,21.798908253564136
2025-01-17 01:50:00,AC,23.70842005323994
2025-01-17 01:51:00,AC,21.60967092087799
2025-01-17 01:52:00,Fan,26.915133156560742
2025-01-17 01:53:00,Fan,27.30523878009045
2025-01-17 01:54:00,Fan,23.368478631693595
2025-01-17 01:55:00,Fan,23.27226903944936
2025-01-17 01:56:00,Fan,25.66588593310595
2025-01-17 01:57:00,AC,20.46617081884023
2025-01-17 01:58:00,Fan,27.039167817200322
2025-01-17 01:59:00,Fan,27.400138740388066
2025-01-17 02:00:00,Fan,24.12052827581631
2025-01-17 02:01:00,Fan,23.42122335384689
2025-01-17 02:02:00,AC,22.683153091463172
2025-01-17 02:03:00,AC,19.648836213288817
2025-01-17 02:04:00,AC,22.93568591108207
2025-01-17 02:05:00,AC,20.542429521892576
2025-01-17 02:06:00,Fan,26.00529939574882
2025-01-17 02:07:00,Fan,22.57321188300801
2025-01-17 02:08:00,AC,21.74315594805944
2025-01-17 02:09:00,Fan,24.710606072423374
2025-01-17 02:10:00,AC,21.519650779052846
2025-01-17 02:11:00,AC,19.00808524646918
2025-01-17 02:12:00,AC,22.421242469665092
2025-01-17 02:13:00,AC,23.17678246525937
2025-01-17 02:14:00,Fan,23.300438800544654
2025-01-17 02:15:00,AC,18.57428733312097
2025-01-17 02:16:00,Fan,22.141831516278017
2025-01-17 02:17:00,Fan,25.851829002659596
2025-01-17 02:18:00,AC,21.642564216532683
2025-01-17 02:19:00,Fan,25.28018447628442
2025-01-17 02:20:00,Fan,23.391682576695853
2025-01-17 02:21:00,AC,20.345435975433087
2025-01-17 02:22:00,AC,21.566858011117038
2025-01-17 02:23:00,AC,20.980601153155018
2025-01-17 02:24:00,AC,23.926713121289325
2025-01-17 02:25:00,AC,18.8186385153404
2025-01-17 02:26:00,Fan,26.170867324285563
2025-01-17 02:27:00,Fan,24.42591260862575
2025-01-17 02:28:00,AC,20.56919768955369
2025-01-17 02:29:00,AC,22.30558659394906
2025-01-17 02:30:00,Fan,26.154616907946217
2025-01-17 02:31:00,AC,23.94753596221313
2025-01-17 02:32:00,AC,18.770365736724752
2025-01-17 02:33:00,AC,18.624657896305
2025-01-17 02:34:00,Fan,26.346032902772446
2025-01-17 02:35:00,AC,21.470321502038455
2025-01-17 02:36:00,Fan,23.644963999358836
2025-01-17 02:37:00,Fan,22.47651621393392
2025-01-17 02:38:00,AC,18.513949497578583
2025-01-17 02:39:00,Fan,27.36514524798471
2025-01-17 02:40:00,AC,19.151203948312457
2025-01-17 02:41:00,Fan,23.940229372693125
2025-01-17 02:42:00,Fan,23.359938413361927
2025-01-17 02:43:00,Fan,24.129977834991625
2025-01-17 02:44:00,AC,18.41654305647656
2025-01-17 02:45:00,Fan,25.11435874544962
2025-01-17 02:46:00,AC,18.40567538155329
2025-01-17 02:47:00,AC,22.80213904693417
2025-01-17 02:48:00,AC,19.402272491462597
2025-01-17 02:49:00,Fan,25.240071487627063
2025-01-17 02:50:00,Fan,27.28047452536875
2025-01-17 02:51:00,AC,21.905264214283164
2025-01-17 02:52:00,Fan,25.19774671930801
2025-01-17 02:53:00,AC,19.946002518692254
2025-01-17 02:54:00,Fan,23.998011478349188
2025-01-17 02:55:00,AC,22.016921731189143
2025-01-17 02:56:00,Fan,27.964836167327007
2025-01-17 02:57:00,AC,21.971035139096273
2025-01-17 02:58:00,Fan,25.34670050422015
2025-01-17 02:59:00,AC,22.383903061435475
2025-01-17 03:00:00,AC,20.79123367370231
2025-01-17 03:01:00,AC,18.36085405560471
2025-01-17 03:02:00,Fan,25.37378089526746
2025-01-17 03:03:00,Fan,27.74575170703228
2025-01-17 03:04:00,AC,19.051817654145957
2025-01-17 03:05:00,Fan,26.140029344923995
2025-01-17 03:06:00,Fan,23.20560213195434
2025-01-17 03:07:00,Fan,25.21496610683849
2025-01-17 03:08:00,Fan,22.580058697880318
2025-01-17 03:09:00,AC,20.70222561754911
2025-01-17 03:10:00,AC,22.536979973371476
2025-01-17 03:11:00,Fan,24.085429145433892
2025-01-17 03:12:00,Fan,25.98947034692331
2025-01-17 03:13:00,Fan,26.772699764738377
2025-01-17 03:14:00,AC,23.563066916876714
2025-01-17 03:15:00,AC,19.407852491132722
2025-01-17 03:16:00,Fan,24.39589549485585
2025-01-17 03:17:00,Fan,22.914496079982506
2025-01-17 03:18:00,Fan,27.954901012950252
2025-01-17 03:19:00,Fan,27.562005807545773
2025-01-17 03:20:00,Fan,25.239742781683358
2025-01-17 03:21:00,AC,23.05219976625853
2025-01-17 03:22:00,AC,21.125747863632252
2025-01-17 03:23:00,Fan,25.741514128016558
2025-01-17 03:24:00,Fan,22.5347465926961
2025-01-17 03:25:00,AC,22.531622522980847
2025-01-17 03:26:00,AC,18.76628090181141
2025-01-17 03:27:00,Fan,26.95640578151517
2025-01-17 03:28:00,AC,22.692168526022314
2025-01-17 03:29:00,AC,22.252468186457858
2025-01-17 03:30:00,Fan,22.216962283148572
2025-01-17 03:31:00,Fan,23.818770135671972
2025-01-17 03:32:00,Fan,23.578675419465057
2025-01-17 03:33:00,AC,20.160818444829115
2025-01-17 03:34:00,Fan,22.52585648058303
2025-01-17 03:35:00,AC,23.621746938186376
2025-01-17 03:36:00,AC,21.322813444274257
2025-01-17 03:37:00,Fan,23.83314586394814
2025-01-17 03:38:00,Fan,24.3818891024457
2025-01-17 03:39:00,Fan,24.683215243029014
2025-01-17 03:40:00,Fan,25.603566000163703
2025-01-17 03:41:00,Fan,25.094076566178988
2025-01-17 03:42:00,AC,23.516351839286504
2025-01-17 03:43:00,AC,20.98178089743498
2025-01-17 03:44:00,AC,23.952948088939877
2025-01-17 03:45:00,AC,23.108549746470572
2025-01-17 03:46:00,Fan,23.251063086144015
2025-01-17 03:47:00,AC,23.5835712878635
2025-01-17 03:48:00,Fan,22.698198387312857
2025-01-17 03:49:00,Fan,26.90469825094715
2025-01-17 03:50:00,Fan,24.28373976085948
2025-01-17 03:51:00,Fan,27.267845922670418
2025-01-17 03:52:00,Fan,27.2083401406447
2025-01-17 03:53:00,AC,22.835552400705726
2025-01-17 03:54:00,AC,22.74018261784237
2025-01-17 03:55:00,Fan,23.828074834588243
2025-01-17 03:56:00,AC,18.485515698307513
2025-01-17 03:57:00,AC,20.41788107259097
2025-01-17 03:58:00,Fan,23.04114708991905
2025-01-17 03:59:00,AC,22.169706533414768
2025-01-17 04:00:00,Fan,24.076598359226715
2025-01-17 04:01:00,Fan,27.85366120515949
2025-01-17 04:02:00,Fan,25.845832464071993
2025-01-17 04:03:00,AC,22.934883381806166
2025-01-17 04:04:00,AC,18.795148036451092
2025-01-17 04:05:00,Fan,27.172086893635736
2025-01-17 04:06:00,AC,23.536543143080365
2025-01-17 04:07:00,Fan,24.922371512913614
2025-01-17 04:08:00,Fan,25.637517626505865
2025-01-17 04:09:00,Fan,26.58885880541797
2025-01-17 04:10:00,AC,19.049031763562475
2025-01-17 04:11:00,AC,21.015396458780653
2025-01-17 04:12:00,Fan,24.39197816663388
2025-01-17 04:13:00,AC,18.878243952973495
2025-01-17 04:14:00,AC,20.205206533749188
2025-01-17 04:15:00,Fan,22.409033856312963
2025-01-17 04:16:00,Fan,22.154871441696923
2025-01-17 04:17:00,Fan,22.810997734928936
2025-01-17 04:18:00,Fan,27.778690669535045
2025-01-17 04:19:00,AC,21.297177215370102
2025-01-17 04:20:00,Fan,27.79493296691932
2025-01-17 04:21:00,Fan,24.59498726998079
2025-01-17 04:22:00,AC,19.87089679851156
2025-01-17 04:23:00,Fan,25.036851177041463
2025-01-17 04:24:00,Fan,24.63707013179746
2025-01-17 04:25:00,Fan,22.633988105570463
2025-01-17 04:26:00,Fan,25.844957888141238
2025-01-17 04:27:00,Fan,23.296229095057598
2025-01-17 04:28:00,AC,21.717527729386976
2025-01-17 04:29:00,AC,21.90120655438892
2025-01-17 04:30:00,Fan,22.91214911877189
2025-01-17 04:31:00,Fan,22.368097762664007
2025-01-17 04:32:00,Fan,26.68456951641064
2025-01-17 04:33:00,Fan,24.75880254261592
2025-01-17 04:34:00,Fan,22.348982773032855
2025-01-17 04:35:00,Fan,27.969197903018603
2025-01-17 04:36:00,Fan,22.3466833659782
2025-01-17 04:37:00,Fan,26.170211373151318
2025-01-17 04:38:00,Fan,27.902073551580482
2025-01-17 04:39:00,Fan,23.435080625295555
2025-01-17 04:40:00,Fan,22.853496212123176
2025-01-17 04:41:00,AC,18.728309636534572
2025-01-17 04:42:00,AC,19.819650885405572
2025-01-17 04:43:00,AC,18.60627486606388
2025-01-17 04:44:00,Fan,26.15296805016479
2025-01-17 04:45:00,AC,18.373750788780377
2025-01-17 04:46:00,AC,21.056532768898737
2025-01-17 04:47:00,Fan,27.98018112311786
2025-01-17 04:48:00,AC,22.883821617036112
2025-01-17 04:49:00,Fan,25.691316629386066
2025-01-17 04:50:00,AC,19.83752172471967
2025-01-17 04:51:00,AC,21.74337501774983
2025-01-17 04:52:00,Fan,25.16224878346991
2025-01-17 04:53:00,AC,20.55650030334223
2025-01-17 04:54:00,AC,18.784262260441196
2025-01-17 04:55:00,Fan,27.3196252914428
2025-01-17 04:56:00,Fan,24.698707892927935
2025-01-17 04:57:00,AC,19.16773507092459
2025-01-17 04:58:00,Fan,24.206556105263736
2025-01-17 04:59:00,AC,20.484778515173563
2025-01-17 05:00:00,AC,22.965227373401245
2025-01-17 05:01:00,Fan,26.401686283368413
2025-01-17 05:02:00,Fan,26.61582936184804
2025-01-17 05:03:00,Fan,22.066187586571882
2025-01-17 05:04:00,Fan,24.496923989078567
2025-01-17 05:05:00,Fan,24.88806490981194
2025-01-17 05:06:00,Fan,22.11515366093834
2025-01-17 05:07:00,AC,19.558879252470206
2025-01-17 05:08:00,Fan,26.56173893873281
2025-01-17 05:09:00,AC,18.822658234373993
2025-01-17 05:10:00,AC,21.21186078871555
2025-01-17 05:11:00,AC,19.291211232103425
2025-01-17 05:12:00,AC,18.07272464786336
2025-01-17 05:13:00,Fan,23.447208745597248
2025-01-17 05:14:00,Fan,27.855242529460323
2025-01-17 05:15:00,Fan,26.80922267129794
2025-01-17 05:16:00,AC,23.7574598659262
2025-01-17 05:17:00,AC,20.927124263558174
2025-01-17 05:18:00,AC,18.65841719206502
2025-01-17 05:19:00,AC,21.287756933842157
2025-01-17 05:20:00,Fan,24.726264007359767
2025-01-17 05:21:00,Fan,27.066142496437696
2025-01-17 05:22:00,Fan,22.58849548470547
2025-01-17 05:23:00,AC,20.929446822130668
2025-01-17 05:24:00,Fan,22.900291988163907
2025-01-17 05:25:00,Fan,23.94805556134036
2025-01-17 05:26:00,Fan,26.4241424643268
2025-01-17 05:27:00,Fan,24.8561087762126
2025-01-17 05:28:00,AC,20.255329710874616
2025-01-17 05:29:00,AC,20.366857671420213
2025-01-17 05:30:00,AC,20.75668061043592
2025-01-17 05:31:00,Fan,26.710099263022343
2025-01-17 05:32:00,AC,23.352508133641408
2025-01-17 05:33:00,AC,23.73200811902357
2025-01-17 05:34:00,AC,22.72142031753177
2025-01-17 05:35:00,AC,19.892441374488076
2025-01-17 05:36:00,Fan,26.128808236519255
2025-01-17 05:37:00,Fan,24.62561874433235
2025-01-17 05:38:00,AC,19.528023732276306
2025-01-17 05:39:00,AC,23.045229476555534
2025-01-17 05:40:00,AC,18.23055809377395
2025-01-17 05:41:00,AC,23.41057195281254
2025-01-17 05:42:00,AC,20.768864787748406
2025-01-17 05:43:00,AC,21.823208860849682
2025-01-17 05:44:00,AC,21.956123533234695
2025-01-17 05:45:00,Fan,27.370706444239218
2025-01-17 05:46:00,Fan,25.820018093003245
2025-01-17 05:47:00,AC,21.683601508560372
2025-01-17 05:48:00,AC,18.399912243364138
2025-01-17 05:49:00,Fan,25.110448131671223
2025-01-17 05:50:00,Fan,22.90101400490225
2025-01-17 05:51:00,Fan,26.42460261232891
2025-01-17 05:52:00,Fan,25.073331524876046
2025-01-17 05:53:00,AC,22.08136667525012
2025-01-17 05:54:00,AC,18.250037403614307
2025-01-17 05:55:00,Fan,22.50875209627482
2025-01-17 05:56:00,AC,22.297940328376093
2025-01-17 05:57:00,Fan,22.43250601599204
2025-01-17 05:58:00,Fan,22.42754036659155
2025-01-17 05:59:00,Fan,22.072650851409325
2025-01-17 06:00:00,AC,23.73900838979688
2025-01-17 06:01:00,Fan,26.42505015675404
2025-01-17 06:02:00,AC,20.119508451012386
2025-01-17 06:03:00,Fan,23.779213487725933
2025-01-17 06:04:00,Fan,24.098219378475097
2025-01-17 06:05:00,AC,22.647921187087093
2025-01-17 06:06:00,Fan,25.968223666422485
2025-01-17 06:07:00,Fan,23.11117340720481
2025-01-17 06:08:00,AC,19.044656012004506
2025-01-17 06:09:00,AC,18.590373898280383
2025-01-17 06:10:00,AC,21.96181631820803
2025-01-17 06:11:00,AC,22.586235973330417
2025-01-17 06:12:00,AC,19.590278569950023
2025-01-17 06:13:00,Fan,22.125669766185478
2025-01-17 06:14:00,AC,18.493030004858564
2025-01-17 06:15:00,AC,23.807160209070183
2025-01-17 06:16:00,Fan,23.772668664864522
2025-01-17 06:17:00,AC,22.615338887028802
2025-01-17 06:18:00,Fan,25.747981413125583
2025-01-17 06:19:00,AC,20.291637837917374
2025-01-17 06:20:00,AC,19.23412357317333
2025-01-17 06:21:00,Fan,22.728318508956438
2025-01-17 06:22:00,Fan,25.690077808233198
2025-01-17 06:23:00,Fan,26.64780268382673
2025-01-17 06:24:00,Fan,25.863425521246782
2025-01-17 06:25:00,Fan,25.18181279949495
2025-01-17 06:26:00,AC,18.251707340589817
2025-01-17 06:27:00,AC,23.810932665566302
2025-01-17 06:28:00,Fan,26.792285149927448
2025-01-17 06:29:00,Fan,23.756932220205787
2025-01-17 06:30:00,Fan,27.879821976153103
2025-01-17 06:31:00,AC,21.61128953781793
2025-01-17 06:32:00,AC,21.494535949243478
2025-01-17 06:33:00,Fan,26.488439076577194
2025-01-17 06:34:00,AC,22.870618728540826
2025-01-17 06:35:00,Fan,25.938871643989017
2025-01-17 06:36:00,Fan,22.768574478197202
2025-01-17 06:37:00,AC,20.02960503596699
2025-01-17 06:38:00,Fan,27.568501841956298
2025-01-17 06:39:00,Fan,23.347693671063112
2025-01-17 06:40:00,AC,20.23300214302508
2025-01-17 06:41:00,Fan,24.592461297665174
2025-01-17 06:42:00,Fan,24.636429938166714
2025-01-17 06:43:00,Fan,25.677637494967154
2025-01-17 06:44:00,AC,23.658455026468246
2025-01-17 06:45:00,Fan,23.44415627099503
2025-01-17 06:46:00,AC,18.729008257805507
2025-01-17 06:47:00,AC,19.184822939159623
2025-01-17 06:48:00,Fan,27.321549401255616
2025-01-17 06:49:00,AC,21.874864875931237
2025-01-17 06:50:00,AC,19.71544073543496
2025-01-17 06:51:00,Fan,26.895681633811705
2025-01-17 06:52:00,Fan,27.168219978180616
2025-01-17 06:53:00,Fan,27.079086032141667
2025-01-17 06:54:00,Fan,27.513559201837325
2025-01-17 06:55:00,AC,19.513446121040168
2025-01-17 06:56:00,AC,22.53025157247767
2025-01-17 06:57:00,AC,20.76323698364484
2025-01-17 06:58:00,Fan,27.05199131734037
2025-01-17 06:59:00,Fan,26.370944062969677
2025-01-17 07:00:00,Fan,26.65868467899835
2025-01-17 07:01:00,Fan,25.93697102608643
2025-01-17 07:02:00,AC,19.064572616818243
2025-01-17 07:03:00,AC,21.27016151338163
2025-01-17 07:04:00,AC,23.90801843714705
2025-01-17 07:05:00,Fan,27.624328398982712
2025-01-17 07:06:00,AC,18.25904241478207
2025-01-17 07:07:00,Fan,22.988888894376622
2025-01-17 07:08:00,AC,18.790372640727373
2025-01-17 07:09:00,AC,22.355879459911772
2025-01-17 07:10:00,AC,22.90671197914167
2025-01-17 07:11:00,Fan,23.28106819786403
2025-01-17 07:12:00,Fan,25.035116157710974
2025-01-17 07:13:00,AC,23.0442181680672
2025-01-17 07:14:00,AC,22.396809268597504
2025-01-17 07:15:00,Fan,25.25342323295109
2025-01-17 07:16:00,AC,21.542086142752638
2025-01-17 07:17:00,Fan,25.05016328149768
2025-01-17 07:18:00,Fan,23.785290707912925
2025-01-17 07:19:00,AC,21.390131957154097
2025-01-17 07:20:00,AC,22.133311812300544
2025-01-17 07:21:00,Fan,27.239937495164845
2025-01-17 07:22:00,AC,21.81774812387549
2025-01-17 07:23:00,AC,22.56672922225895
2025-01-17 07:24:00,Fan,22.960429809727437
2025-01-17 07:25:00,Fan,24.769344846518738
2025-01-17 07:26:00,Fan,22.05598971896256
2025-01-17 07:27:00,Fan,23.480073187129737
2025-01-17 07:28:00,AC,22.35877029067803
2025-01-17 07:29:00,AC,23.950859708096182
2025-01-17 07:30:00,Fan,22.595068597523294
2025-01-17 07:31:00,Fan,24.40896589516773
2025-01-17 07:32:00,AC,22.80042581219496
2025-01-17 07:33:00,Fan,23.224213807773392
2025-01-17 07:34:00,AC,21.330509695813717
2025-01-17 07:35:00,AC,22.39842777617805
2025-01-17 07:36:00,AC,21.695912701561074
2025-01-17 07:37:00,AC,19.128148407692496
2025-01-17 07:38:00,AC,20.132307412114436
2025-01-17 07:39:00,AC,22.702750706912383
2025-01-17 07:40:00,AC,21.3253590847921
2025-01-17 07:41:00,Fan,22.031377681257478
2025-01-17 07:42:00,Fan,26.565944560168564
2025-01-17 07:43:00,Fan,22.211868129641434
2025-01-17 07:44:00,Fan,26.474402696387394
2025-01-17 07:45:00,AC,19.214883360991426
2025-01-17 07:46:00,AC,23.74844088071628
2025-01-17 07:47:00,Fan,24.207644507812507
2025-01-17 07:48:00,AC,19.961589698028476
2025-01-17 07:49:00,Fan,22.893328301994668
2025-01-17 07:50:00,AC,19.83362529294129
2025-01-17 07:51:00,Fan,27.259904570969205
2025-01-17 07:52:00,AC,23.978006025763484
2025-01-17 07:53:00,Fan,24.20985718304109
2025-01-17 07:54:00,Fan,24.691663785727254
2025-01-17 07:55:00,Fan,26.332425629216424
2025-01-17 07:56:00,AC,23.317174682790448
2025-01-17 07:57:00,Fan,25.558266005120704
2025-01-17 07:58:00,Fan,24.349154189066976
2025-01-17 07:59:00,Fan,24.47573104509174
2025-01-17 08:00:00,Fan,26.17370887898084
2025-01-17 08:01:00,Fan,22.019309581625674
2025-01-17 08:02:00,AC,21.717536024759045
2025-01-17 08:03:00,Fan,24.132958062648143
2025-01-17 08:04:00,Fan,26.765183987662503
2025-01-17 08:05:00,Fan,22.557943838938794
2025-01-17 08:06:00,AC,21.529213601690344
2025-01-17 08:07:00,AC,20.885837339316744
2025-01-17 08:08:00,Fan,25.853953155431363
2025-01-17 08:09:00,Fan,22.38912156689781
2025-01-17 08:10:00,AC,21.479902724568788
2025-01-17 08:11:00,Fan,25.36890752775714
2025-01-17 08:12:00,AC,21.363960566497028
2025-01-17 08:13:00,AC,21.62092599957873
2025-01-17 08:14:00,AC,22.058807623358174
2025-01-17 08:15:00,AC,22.82993399808462
2025-01-17 08:16:00,Fan,23.618924320769285
2025-01-17 08:17:00,AC,22.95029646108037
2025-01-17 08:18:00,Fan,24.989534093580723
2025-01-17 08:19:00,Fan,22.46234967480599
2025-01-17 08:20:00,Fan,22.351305575463876
2025-01-17 08:21:00,Fan,24.005429912176364
2025-01-17 08:22:00,AC,22.709381862668806
2025-01-17 08:23:00,Fan,26.246085608445494
2025-01-17 08:24:00,Fan,26.731689788034437
2025-01-17 08:25:00,AC,21.103614338649656
2025-01-17 08:26:00,Fan,24.641193987732944
2025-01-17 08:27:00,Fan,22.884715160237704
2025-01-17 08:28:00,Fan,23.96915652165587
2025-01-17 08:29:00,Fan,24.60411619704325
2025-01-17 08:30:00,Fan,22.531602578077703
2025-01-17 08:31:00,AC,19.323671716267267
2025-01-17 08:32:00,Fan,25.58935176438243
2025-01-17 08:33:00,Fan,26.41397868543514
2025-01-17 08:34:00,AC,23.990085068357697
2025-01-17 08:35:00,AC,23.598679988061345
2025-01-17 08:36:00,AC,21.855391197211148
2025-01-17 08:37:00,Fan,24.52748831976443
2025-01-17 08:38:00,Fan,25.817064188249397
2025-01-17 08:39:00,AC,22.713909708481392
2025-01-17 08:40:00,Fan,22.710017145540323
2025-01-17 08:41:00,AC,20.459429338177728
2025-01-17 08:42:00,Fan,27.038813713813703
2025-01-17 08:43:00,Fan,24.302997711598266
2025-01-17 08:44:00,Fan,25.43123362736312
2025-01-17 08:45:00,AC,21.526616165173188
2025-01-17 08:46:00,AC,19.106857518801835
2025-01-17 08:47:00,AC,20.17341264991373
2025-01-17 08:48:00,AC,20.007067732451592
2025-01-17 08:49:00,Fan,22.15718025119239
2025-01-17 08:50:00,Fan,22.14515058334813
2025-01-17 08:51:00,Fan,26.990182262054642
2025-01-17 08:52:00,Fan,23.638424859836874
2025-01-17 08:53:00,Fan,25.108472597432893
2025-01-17 08:54:00,Fan,23.79235344153264
2025-01-17 08:55:00,Fan,27.644075470692044
2025-01-17 08:56:00,Fan,23.555780553194644
2025-01-17 08:57:00,AC,20.577940876433612
2025-01-17 08:58:00,AC,23.236381502907612
2025-01-17 08:59:00,AC,23.05160140075085
2025-01-17 09:00:00,Fan,23.116608507077665
2025-01-17 09:01:00,Fan,26.81585985877426
2025-01-17 09:02:00,AC,20.749121320427356
2025-01-17 09:03:00,Fan,24.89781323251213
2025-01-17 09:04:00,Fan,22.800879834495664
2025-01-17 09:05:00,AC,18.48360908254275
2025-01-17 09:06:00,AC,22.367635841842592
2025-01-17 09:07:00,Fan,24.9787669141318
2025-01-17 09:08:00,Fan,24.621104215691076
2025-01-17 09:09:00,Fan,26.37704937191438
2025-01-17 09:10:00,Fan,26.593077393946658
2025-01-17 09:11:00,Fan,22.953449006016122
2025-01-17 09:12:00,Fan,25.661350896865848
2025-01-17 09:13:00,Fan,22.81212449366611
2025-01-17 09:14:00,Fan,26.508250516174275
2025-01-17 09:15:00,AC,21.941730937602838
2025-01-17 09:16:00,AC,23.739687726500748
2025-01-17 09:17:00,AC,18.413748098138527
2025-01-17 09:18:00,Fan,22.342328326907527
2025-01-17 09:19:00,Fan,23.6931224481592
2025-01-17 09:20:00,Fan,23.570234102415437
2025-01-17 09:21:00,AC,19.481872794432
2025-01-17 09:22:00,AC,23.43752748312622
2025-01-17 09:23:00,AC,19.497277199097038
2025-01-17 09:24:00,AC,19.631698356771786
2025-01-17 09:25:00,Fan,26.556389574507783
2025-01-17 09:26:00,AC,20.69843905470324
2025-01-17 09:27:00,AC,22.66026334173109
2025-01-17 09:28:00,Fan,22.39219694538631
2025-01-17 09:29:00,AC,20.925427162040307
2025-01-17 09:30:00,Fan,22.201681601099697
2025-01-17 09:31:00,Fan,22.375919220732126
2025-01-17 09:32:00,AC,23.438624720066464
2025-01-17 09:33:00,Fan,22.83547222670557
2025-01-17 09:34:00,Fan,25.194524093651303
2025-01-17 09:35:00,Fan,24.46657361560424
2025-01-17 09:36:00,AC,20.084059957553055
2025-01-17 09:37:00,Fan,27.399000074123634
2025-01-17 09:38:00,AC,18.130940380652937
2025-01-17 09:39:00,AC,21.982738117053536
2025-01-17 09:40:00,AC,23.7803666052813
2025-01-17 09:41:00,Fan,25.361009100771053
2025-01-17 09:42:00,AC,23.620934772198552
2025-01-17 09:43:00,AC,18.313547275716143
2025-01-17 09:44:00,Fan,24.51275991444497
2025-01-17 09:45:00,AC,19.560946745772306
2025-01-17 09:46:00,AC,22.384925789884377
2025-01-17 09:47:00,AC,23.88778254298348
2025-01-17 09:48:00,AC,19.539180374665488
2025-01-17 09:49:00,AC,21.925047608844448
2025-01-17 09:50:00,AC,19.188585796558442
2025-01-17 09:51:00,Fan,25.39198152742966
2025-01-17 09:52:00,AC,20.783594920130017
2025-01-17 09:53:00,AC,23.83203197778922
2025-01-17 09:54:00,Fan,25.6511636361788
2025-01-17 09:55:00,AC,20.097038232520912
2025-01-17 09:56:00,Fan,22.6845747093276
2025-01-17 09:57:00,AC,18.90748097240961
2025-01-17 09:58:00,AC,19.35190157970741
2025-01-17 09:59:00,AC,19.50579996804179
2025-01-17 10:00:00,AC,23.103696347046828
2025-01-17 10:01:00,AC,21.36733672969515
2025-01-17 10:02:00,AC,21.1403454682462
2025-01-17 10:03:00,AC,18.688613231215307
2025-01-17 10:04:00,AC,23.16083816009661
2025-01-17 10:05:00,AC,22.336885819250902
2025-01-17 10:06:00,AC,18.40601017140001
2025-01-17 10:07:00,AC,22.24701058337861
2025-01-17 10:08:00,Fan,25.261229304055878
2025-01-17 10:09:00,Fan,22.49035207448067
2025-01-17 10:10:00,AC,20.74980384917194
2025-01-17 10:11:00,Fan,24.90817772278028
2025-01-17 10:12:00,Fan,22.994647240979653
2025-01-17 10:13:00,AC,23.674188882001694
2025-01-17 10:14:00,Fan,27.09985222888397
2025-01-17 10:15:00,Fan,26.01413402397465
2025-01-17 10:16:00,AC,20.773773366003642
2025-01-17 10:17:00,AC,20.47059324950705
2025-01-17 10:18:00,Fan,25.905840802905725
2025-01-17 10:19:00,Fan,25.272591216441434
2025-01-17 10:20:00,AC,18.373638635291314
2025-01-17 10:21:00,AC,21.07501589262199
2025-01-17 10:22:00,AC,22.83842170339704
2025-01-17 10:23:00,AC,20.75543926558175
2025-01-17 10:24:00,Fan,22.311739465325612
2025-01-17 10:25:00,AC,22.7176691963042
2025-01-17 10:26:00,AC,19.208182692815846
2025-01-17 10:27:00,Fan,23.551725009328234
2025-01-17 10:28:00,AC,18.988238120593774
2025-01-17 10:29:00,AC,19.981290389228985
2025-01-17 10:30:00,Fan,26.54050903413181
2025-01-17 10:31:00,Fan,25.116315157023624
2025-01-17 10:32:00,Fan,23.229287644904275
2025-01-17 10:33:00,Fan,27.266980468912244
2025-01-17 10:34:00,AC,23.277491129709176
2025-01-17 10:35:00,AC,23.22347055027604
2025-01-17 10:36:00,Fan,23.432777268289236
2025-01-17 10:37:00,AC,20.70743606508593
2025-01-17 10:38:00,AC,23.90993793684525
2025-01-17 10:39:00,AC,22.63207485785994
2025-01-17 10:40:00,AC,18.16300452735336
2025-01-17 10:41:00,AC,18.391227547562952
2025-01-17 10:42:00,AC,20.783588260873998
2025-01-17 10:43:00,AC,23.45532123516936
2025-01-17 10:44:00,AC,21.232210787716284
2025-01-17 10:45:00,Fan,24.98687504820574
2025-01-17 10:46:00,Fan,22.632842199739784
2025-01-17 10:47:00,Fan,25.940680628345763
2025-01-17 10:48:00,Fan,26.932618963601353
2025-01-17 10:49:00,AC,20.282520045045374
2025-01-17 10:50:00,AC,22.653671105551965
2025-01-17 10:51:00,Fan,27.78685992340487
2025-01-17 10:52:00,Fan,23.222598754766135
2025-01-17 10:53:00,Fan,25.139977787168448
2025-01-17 10:54:00,AC,19.722827748507452
2025-01-17 10:55:00,AC,22.757126514203037
2025-01-17 10:56:00,AC,21.465560195286944
2025-01-17 10:57:00,AC,21.807494505301822
2025-01-17 10:58:00,Fan,26.787484957695362
2025-01-17 10:59:00,Fan,24.37582283597473
2025-01-17 11:00:00,AC,23.490540410442257
2025-01-17 11:01:00,Fan,25.19817320347684
2025-01-17 11:02:00,Fan,22.947728937012087
2025-01-17 11:03:00,AC,22.175394709012814
2025-01-17 11:04:00,AC,22.759568102629526
2025-01-17 11:05:00,AC,19.90057006240516
2025-01-17 11:06:00,AC,23.143075541992516
2025-01-17 11:07:00,AC,23.4368595285946
2025-01-17 11:08:00,AC,19.661426924266852
2025-01-17 11:09:00,AC,23.90112883629133
2025-01-17 11:10:00,AC,18.844269168292552
2025-01-17 11:11:00,Fan,23.21209401041494
2025-01-17 11:12:00,AC,19.105349035428155
2025-01-17 11:13:00,Fan,27.36393826004722
2025-01-17 11:14:00,AC,21.92575531394977
2025-01-17 11:15:00,Fan,22.91262569933364
2025-01-17 11:16:00,AC,20.641940510210095
2025-01-17 11:17:00,AC,21.691788150418812
2025-01-17 11:18:00,Fan,22.5007845099363
2025-01-17 11:19:00,Fan,27.294498210444033
2025-01-17 11:20:00,Fan,26.821621212649212
2025-01-17 11:21:00,AC,21.03124064145983
2025-01-17 11:22:00,AC,23.802759691555025
2025-01-17 11:23:00,Fan,24.506565875650598
2025-01-17 11:24:00,Fan,27.904661914218988
2025-01-17 11:25:00,Fan,26.007519992821763
2025-01-17 11:26:00,Fan,25.808027639523647
2025-01-17 11:27:00,AC,18.99572937177471
2025-01-17 11:28:00,Fan,27.291566549827863
2025-01-17 11:29:00,AC,20.56493812752369
2025-01-17 11:30:00,AC,18.973400434694877
2025-01-17 11:31:00,AC,18.075645119854553
2025-01-17 11:32:00,Fan,25.358534101830294
2025-01-17 11:33:00,AC,21.164397732736056
2025-01-17 11:34:00,AC,22.316121734214953
2025-01-17 11:35:00,Fan,27.341548318106813
2025-01-17 11:36:00,AC,18.476439507858178
2025-01-17 11:37:00,Fan,26.388978942042172
2025-01-17 11:38:00,AC,19.124471664585492
2025-01-17 11:39:00,AC,23.149062318942985
2025-01-17 11:40:00,Fan,26.914381083169935
2025-01-17 11:41:00,AC,21.244762529913267
2025-01-17 11:42:00,AC,22.261456791739867
2025-01-17 11:43:00,AC,19.88610067910249
2025-01-17 11:44:00,AC,20.827007393596887
2025-01-17 11:45:00,Fan,26.92982138626283
2025-01-17 11:46:00,AC,20.755591183039282
2025-01-17 11:47:00,Fan,24.14678959195265
2025-01-17 11:48:00,AC,20.9652746835018
2025-01-17 11:49:00,Fan,26.96949551462331
2025-01-17 11:50:00,Fan,24.011248284225235
2025-01-17 11:51:00,Fan,23.042569558814463
2025-01-17 11:52:00,AC,22.272084121984683
2025-01-17 11:53:00,AC,22.955869276248492
2025-01-17 11:54:00,AC,18.6038248711412
2025-01-17 11:55:00,Fan,23.43924467653567
2025-01-17 11:56:00,Fan,22.851831938565965
2025-01-17 11:57:00,Fan,24.087648469493
2025-01-17 11:58:00,AC,20.702105873432476
2025-01-17 11:59:00,Fan,26.492958021779838
2025-01-17 12:00:00,Fan,25.906885509290046
2025-01-17 12:01:00,AC,21.725571404870585
2025-01-17 12:02:00,AC,20.114249679657927
2025-01-17 12:03:00,Fan,27.04868531850856
2025-01-17 12:04:00,Fan,24.827723004388986
2025-01-17 12:05:00,Fan,27.87462962809093
2025-01-17 12:06:00,AC,21.804852829774422
2025-01-17 12:07:00,Fan,22.757588449387015
2025-01-17 12:08:00,AC,22.057065372452605
2025-01-17 12:09:00,AC,19.950624092590193
2025-01-17 12:10:00,AC,22.117963180116583
2025-01-17 12:11:00,Fan,22.417846888974434
2025-01-17 12:12:00,Fan,23.049288623055755
2025-01-17 12:13:00,Fan,27.13442355343472
2025-01-17 12:14:00,AC,19.36307734214109
2025-01-17 12:15:00,Fan,27.02224675145764
2025-01-17 12:16:00,AC,19.675656530726464
2025-01-17 12:17:00,Fan,25.857291460352247
2025-01-17 12:18:00,AC,22.164903441058986
2025-01-17 12:19:00,AC,21.075928518870317
2025-01-17 12:20:00,AC,19.831864060180386
2025-01-17 12:21:00,AC,19.27586625822658
2025-01-17 12:22:00,Fan,22.199136127374558
2025-01-17 12:23:00,Fan,23.823678407444344
2025-01-17 12:24:00,AC,21.9189767431877
2025-01-17 12:25:00,Fan,27.629828910690897
2025-01-17 12:26:00,AC,23.22722689357831
2025-01-17 12:27:00,Fan,26.596388659211815
2025-01-17 12:28:00,Fan,26.730684059519792
2025-01-17 12:29:00,Fan,25.989909420855973
2025-01-17 12:30:00,AC,19.561721145396017
2025-01-17 12:31:00,Fan,27.44317018423498
2025-01-17 12:32:00,Fan,26.024393871435002
2025-01-17 12:33:00,AC,21.36264378588264
2025-01-17 12:34:00,AC,18.665936815280887
2025-01-17 12:35:00,Fan,24.682333262838554
2025-01-17 12:36:00,Fan,24.762149627211556
2025-01-17 12:37:00,Fan,27.18738165713602
2025-01-17 12:38:00,Fan,25.27988932112673
2025-01-17 12:39:00,Fan,24.28240329382246
2025-01-17 12:40:00,AC,23.860801971063957
2025-01-17 12:41:00,AC,18.664323559957893
2025-01-17 12:42:00,AC,20.53529056987167
2025-01-17 12:43:00,Fan,22.25214805102843
2025-01-17 12:44:00,AC,22.439424724601583
2025-01-17 12:45:00,Fan,27.508459313194905
2025-01-17 12:46:00,Fan,23.680223977302937
2025-01-17 12:47:00,Fan,27.150050060794726
2025-01-17 12:48:00,AC,19.753309382771388
2025-01-17 12:49:00,Fan,27.46462096986349
2025-01-17 12:50:00,AC,22.523771421580705
2025-01-17 12:51:00,Fan,26.829440661048633
2025-01-17 12:52:00,AC,18.108039333602726
2025-01-17 12:53:00,AC,23.776862142444156
2025-01-17 12:54:00,Fan,26.36002595242194
2025-01-17 12:55:00,AC,19.8285065723168
2025-01-17 12:56:00,AC,22.976367989153083
2025-01-17 12:57:00,Fan,23.68912719048958
2025-01-17 12:58:00,Fan,27.23652303739677
2025-01-17 12:59:00,Fan,22.67548234247162
2025-01-17 13:00:00,Fan,26.222115864764774
2025-01-17 13:01:00,Fan,25.244190859869462
2025-01-17 13:02:00,AC,18.579206821172644
2025-01-17 13:03:00,AC,19.451362969553035
2025-01-17 13:04:00,AC,18.07442421766389
2025-01-17 13:05:00,Fan,24.812607792787034
2025-01-17 13:06:00,Fan,23.807591564560003
2025-01-17 13:07:00,AC,21.590144905786552
2025-01-17 13:08:00,AC,19.783426846251704
2025-01-17 13:09:00,Fan,23.79951466904191
2025-01-17 13:10:00,AC,22.45915919238962
2025-01-17 13:11:00,Fan,22.28885701587012
2025-01-17 13:12:00,Fan,27.417369971151924
2025-01-17 13:13:00,Fan,27.11358324634709
2025-01-17 13:14:00,AC,22.00682809935844
2025-01-17 13:15:00,Fan,25.559329420644307
2025-01-17 13:16:00,Fan,27.353814988837915
2025-01-17 13:17:00,Fan,23.11198107717229
2025-01-17 13:18:00,Fan,22.47381497314497
2025-01-17 13:19:00,Fan,23.43706101945723
2025-01-17 13:20:00,Fan,26.76746967220114
2025-01-17 13:21:00,AC,18.2080216003589
2025-01-17 13:22:00,Fan,25.496841010500937
2025-01-17 13:23:00,Fan,27.97262509714786
2025-01-17 13:24:00,AC,23.134176563025235
2025-01-17 13:25:00,Fan,25.128674134261537
2025-01-17 13:26:00,Fan,22.381845455719855
2025-01-17 13:27:00,Fan,26.98824108631426
2025-01-17 13:28:00,AC,21.593871049063264
2025-01-17 13:29:00,AC,18.6895979823574
2025-01-17 13:30:00,Fan,22.56314370894014
2025-01-17 13:31:00,Fan,27.457760916619556
2025-01-17 13:32:00,AC,22.01520157762847
2025-01-17 13:33:00,Fan,26.975720795900532
2025-01-17 13:34:00,Fan,27.273873401693603
2025-01-17 13:35:00,Fan,25.430634112289933
2025-01-17 13:36:00,Fan,25.104678110530248
2025-01-17 13:37:00,AC,20.58256446192594
2025-01-17 13:38:00,AC,19.901679526746715
2025-01-17 13:39:00,AC,20.60757576515227
2025-01-17 13:40:00,Fan,26.64327793438094
2025-01-17 13:41:00,AC,21.61154058609079
2025-01-17 13:42:00,AC,23.355139739729076
2025-01-17 13:43:00,AC,20.660280086275126
2025-01-17 13:44:00,Fan,25.642537472312526
2025-01-17 13:45:00,Fan,25.78784531855193
2025-01-17 13:46:00,AC,21.550182973837952
2025-01-17 13:47:00,AC,22.215802638513097
2025-01-17 13:48:00,Fan,23.424600810248837
2025-01-17 13:49:00,AC,21.074182665274744
2025-01-17 13:50:00,AC,18.625348816850085
2025-01-17 13:51:00,AC,20.307067965868875
2025-01-17 13:52:00,AC,20.926002411727588
2025-01-17 13:53:00,AC,21.913345557272834
2025-01-17 13:54:00,AC,23.70318631551722
2025-01-17 13:55:00,AC,21.603906399290135
2025-01-17 13:56:00,Fan,26.46156349705936
2025-01-17 13:57:00,AC,21.037596356971218
2025-01-17 13:58:00,Fan,25.80462418825799
2025-01-17 13:59:00,Fan,22.425593296802642
2025-01-17 14:00:00,AC,19.52634948505108
2025-01-17 14:01:00,Fan,24.171118559230834
2025-01-17 14:02:00,AC,20.834960130039082
2025-01-17 14:03:00,Fan,22.273892473014303
2025-01-17 14:04:00,AC,18.840144585319905
2025-01-17 14:05:00,AC,19.660885846747835
2025-01-17 14:06:00,AC,23.829196145406303
2025-01-17 14:07:00,Fan,23.988082042618306
2025-01-17 14:08:00,Fan,24.892246348672494
2025-01-17 14:09:00,Fan,23.176586276430356
2025-01-17 14:10:00,AC,21.66468042645461
2025-01-17 14:11:00,Fan,23.684099293095844
2025-01-17 14:12:00,AC,19.24195547063056
2025-01-17 14:13:00,Fan,25.099435770675875
2025-01-17 14:14:00,AC,18.033034794962525
2025-01-17 14:15:00,AC,18.04598419589535
2025-01-17 14:16:00,AC,19.314412854611145
2025-01-17 14:17:00,AC,18.220328175004926
2025-01-17 14:18:00,Fan,22.648154524784147
2025-01-17 14:19:00,AC,20.03316389603251
2025-01-17 14:20:00,Fan,26.815514077478877
2025-01-17 14:21:00,AC,21.432291860215805
2025-01-17 14:22:00,Fan,25.0760063557385
2025-01-17 14:23:00,AC,19.76093293924873
2025-01-17 14:24:00,AC,23.590522316596896
2025-01-17 14:25:00,Fan,24.38209024742315
2025-01-17 14:26:00,AC,18.522556600774628
2025-01-17 14:27:00,AC,21.702399096706806
2025-01-17 14:28:00,Fan,22.683030360859608
2025-01-17 14:29:00,Fan,24.07133885681015
2025-01-17 14:30:00,AC,21.044471632306852
2025-01-17 14:31:00,AC,23.245335148111053
2025-01-17 14:32:00,Fan,24.961279482040712
2025-01-17 14:33:00,AC,22.213552596189984
2025-01-17 14:34:00,AC,23.95690103399442
2025-01-17 14:35:00,AC,18.78893471938789
2025-01-17 14:36:00,Fan,23.648389153117115
2025-01-17 14:37:00,Fan,24.367456453585877
2025-01-17 14:38:00,AC,20.530969071232988
2025-01-17 14:39:00,AC,20.466126451593276
2025-01-17 14:40:00,AC,23.445666015339327
2025-01-17 14:41:00,Fan,26.284195866801138
2025-01-17 14:42:00,AC,21.647431284544222
2025-01-17 14:43:00,AC,19.856236307176694
2025-01-17 14:44:00,Fan,26.94274230532777
2025-01-17 14:45:00,AC,23.730363068909934
2025-01-17 14:46:00,Fan,26.927189695301358
2025-01-17 14:47:00,AC,18.009390631148836
2025-01-17 14:48:00,AC,21.81840822110044
2025-01-17 14:49:00,AC,18.306812288652605
2025-01-17 14:50:00,Fan,23.54564332200233
2025-01-17 14:51:00,Fan,22.35714820208663
2025-01-17 14:52:00,Fan,25.62277271769633
2025-01-17 14:53:00,AC,22.11953948095564
2025-01-17 14:54:00,Fan,22.68692582839543
2025-01-17 14:55:00,AC,20.303033298269877
2025-01-17 14:56:00,AC,20.73741905373325
2025-01-17 14:57:00,Fan,24.2143181305655
2025-01-17 14:58:00,AC,18.726150002911158
2025-01-17 14:59:00,AC,20.513686741124854
2025-01-17 15:00:00,AC,22.507068286850508
2025-01-17 15:01:00,AC,18.426045987199533
2025-01-17 15:02:00,AC,18.48108008449142
2025-01-17 15:03:00,Fan,24.128627751015905
2025-01-17 15:04:00,AC,23.65035426971355
2025-01-17 15:05:00,Fan,26.011435880337483
2025-01-17 15:06:00,Fan,26.072019740035387
2025-01-17 15:07:00,AC,20.17151994502719
2025-01-17 15:08:00,AC,21.56196474725123
2025-01-17 15:09:00,AC,18.06078710416646
2025-01-17 15:10:00,Fan,25.816576278457255
2025-01-17 15:11:00,AC,23.47972168545742
2025-01-17 15:12:00,Fan,25.675440810068913
2025-01-17 15:13:00,AC,23.24219156079807
2025-01-17 15:14:00,Fan,26.34383833279656
2025-01-17 15:15:00,AC,18.723350498422143
2025-01-17 15:16:00,AC,23.41471984371505
2025-01-17 15:17:00,Fan,22.39866306613465
2025-01-17 15:18:00,Fan,25.203804835286583
2025-01-17 15:19:00,AC,18.852822742760747
2025-01-17 15:20:00,Fan,22.070239664385426
2025-01-17 15:21:00,AC,20.532205560765835
2025-01-17 15:22:00,Fan,23.77024424592494
2025-01-17 15:23:00,Fan,24.91600296278562
2025-01-17 15:24:00,AC,21.463199320407305
2025-01-17 15:25:00,AC,18.262434433853684
2025-01-17 15:26:00,AC,18.738019770742476
2025-01-17 15:27:00,Fan,25.35185437870255
2025-01-17 15:28:00,Fan,24.05900411903595
2025-01-17 15:29:00,AC,22.375040925296688
2025-01-17 15:30:00,AC,21.91374989155164
2025-01-17 15:31:00,Fan,27.073626177939442
2025-01-17 15:32:00,Fan,26.15495696001535
2025-01-17 15:33:00,Fan,24.57958646434089
2025-01-17 15:34:00,AC,22.037799734366594
2025-01-17 15:35:00,AC,19.65228704553251
2025-01-17 15:36:00,AC,19.837880992669277
2025-01-17 15:37:00,Fan,26.73391095952476
2025-01-17 15:38:00,AC,20.678517098409493
2025-01-17 15:39:00,Fan,26.790282043110114
2025-01-17 15:40:00,AC,22.93453424200967
2025-01-17 15:41:00,Fan,27.145374025967705
2025-01-17 15:42:00,Fan,27.499811415047244
2025-01-17 15:43:00,Fan,24.585911323079777
2025-01-17 15:44:00,AC,19.913200909926832
2025-01-17 15:45:00,AC,21.493192479564684
2025-01-17 15:46:00,AC,20.227034540625766
2025-01-17 15:47:00,Fan,25.606445000801397
2025-01-17 15:48:00,Fan,26.233515175862948
2025-01-17 15:49:00,Fan,26.130430110952823
2025-01-17 15:50:00,Fan,24.24731732212073
2025-01-17 15:51:00,Fan,23.001161210192517
2025-01-17 15:52:00,AC,20.583176030773245
2025-01-17 15:53:00,Fan,22.855564864491452
2025-01-17 15:54:00,AC,23.34058221110285
2025-01-17 15:55:00,AC,20.075264764427146
2025-01-17 15:56:00,Fan,22.926758483339942
2025-01-17 15:57:00,AC,18.152686559434507
2025-01-17 15:58:00,AC,21.874934317718907
2025-01-17 15:59:00,Fan,25.82141390472846
2025-01-17 16:00:00,AC,20.04362499948775
2025-01-17 16:01:00,Fan,22.430271333085905
2025-01-17 16:02:00,AC,20.45777336937139
2025-01-17 16:03:00,AC,19.86730497038036
2025-01-17 16:04:00,AC,22.062723838410058
2025-01-17 16:05:00,AC,21.63467549671614
2025-01-17 16:06:00,Fan,24.18756236918524
2025-01-17 16:07:00,AC,19.30735532552994
2025-01-17 16:08:00,Fan,27.92821579693355
2025-01-17 16:09:00,AC,20.72400972717669
2025-01-17 16:10:00,Fan,26.129645414681423
2025-01-17 16:11:00,Fan,22.843317805470164
2025-01-17 16:12:00,Fan,24.913538197956388
2025-01-17 16:13:00,AC,18.165220319216793
2025-01-17 16:14:00,AC,21.0327307074627
2025-01-17 16:15:00,AC,23.784104442706216
2025-01-17 16:16:00,Fan,24.305240277914802
2025-01-17 16:17:00,AC,18.23397607544947
2025-01-17 16:18:00,AC,18.18573474551606
2025-01-17 16:19:00,Fan,24.327920559681218
2025-01-17 16:20:00,AC,18.960149618779162
2025-01-17 16:21:00,Fan,22.140112577969116
2025-01-17 16:22:00,AC,22.53728168370106
2025-01-17 16:23:00,AC,20.751138053291342
2025-01-17 16:24:00,Fan,23.73546863183593
2025-01-17 16:25:00,AC,23.400499098098884
2025-01-17 16:26:00,Fan,22.696833761203152
2025-01-17 16:27:00,AC,23.735512973731915
2025-01-17 16:28:00,AC,19.883800304264117
2025-01-17 16:29:00,Fan,27.330422033852088
2025-01-17 16:30:00,Fan,25.61765725887677
2025-01-17 16:31:00,Fan,26.960244158448923
2025-01-17 16:32:00,AC,23.904078979262785
2025-01-17 16:33:00,Fan,23.730432626912474
2025-01-17 16:34:00,AC,23.76681291244556
2025-01-17 16:35:00,AC,20.336891369414523
2025-01-17 16:36:00,Fan,24.313071428421534
2025-01-17 16:37:00,AC,20.042322625527035
2025-01-17 16:38:00,Fan,25.24844564408551
2025-01-17 16:39:00,AC,18.92487025907092
2025-01-17 16:40:00,AC,21.32226891214807
2025-01-17 16:41:00,Fan,25.250228874460024
2025-01-17 16:42:00,Fan,26.57141087562922
2025-01-17 16:43:00,Fan,27.001899771625514
2025-01-17 16:44:00,Fan,24.642648101874546
2025-01-17 16:45:00,Fan,23.813999496108963
2025-01-17 16:46:00,Fan,23.556009383902566
2025-01-17 16:47:00,Fan,23.16774302022923
2025-01-17 16:48:00,AC,18.34588549319415
2025-01-17 16:49:00,AC,20.05468787300828
2025-01-17 16:50:00,AC,19.621486152784698
2025-01-17 16:51:00,Fan,27.798504315198443
2025-01-17 16:52:00,Fan,25.346252957500262
2025-01-17 16:53:00,AC,20.083662234183045
2025-01-17 16:54:00,Fan,25.482805605962177
2025-01-17 16:55:00,Fan,22.835180208074174
2025-01-17 16:56:00,AC,20.66426249521322
2025-01-17 16:57:00,Fan,25.75740592852638
2025-01-17 16:58:00,Fan,24.93338699075471
2025-01-17 16:59:00,AC,20.410672803925944
2025-01-17 17:00:00,Fan,27.96309033339819
2025-01-17 17:01:00,AC,23.281888572893564
2025-01-17 17:02:00,Fan,25.740435748956642
2025-01-17 17:03:00,Fan,25.416264167093697
2025-01-17 17:04:00,Fan,25.723962878947503
2025-01-17 17:05:00,AC,19.2078726469346
2025-01-17 17:06:00,Fan,24.370826459585913
2025-01-17 17:07:00,Fan,22.236757197345398
2025-01-17 17:08:00,AC,20.85327622492096
2025-01-17 17:09:00,Fan,25.25814750374598
2025-01-17 17:10:00,AC,19.366498416619258
2025-01-17 17:11:00,Fan,27.78417308299308
2025-01-17 17:12:00,AC,23.456727665623454
2025-01-17 17:13:00,AC,22.332859412735434
2025-01-17 17:14:00,AC,21.200319772592174
2025-01-17 17:15:00,Fan,27.219814957886108
2025-01-17 17:16:00,AC,18.783914062940777
2025-01-17 17:17:00,Fan,26.74305876564931
2025-01-17 17:18:00,AC,18.748924883801088
2025-01-17 17:19:00,AC,22.765263975296435
2025-01-17 17:20:00,Fan,23.654605409508143
2025-01-17 17:21:00,Fan,27.262543486109134
2025-01-17 17:22:00,AC,23.664252562952388
2025-01-17 17:23:00,Fan,22.892775816430692
2025-01-17 17:24:00,Fan,24.77605363039236
2025-01-17 17:25:00,Fan,27.88592426897611
2025-01-17 17:26:00,AC,20.90044461583888
2025-01-17 17:27:00,AC,23.181285135087272
2025-01-17 17:28:00,Fan,25.53238913278792
2025-01-17 17:29:00,AC,20.251979447517613
2025-01-17 17:30:00,Fan,23.714701333155222
2025-01-17 17:31:00,Fan,23.219338546516525
2025-01-17 17:32:00,Fan,26.570789148266183
2025-01-17 17:33:00,Fan,24.31924304093817
2025-01-17 17:34:00,Fan,25.067652773204507
2025-01-17 17:35:00,AC,20.95395288000709
2025-01-17 17:36:00,Fan,25.463674175398786
2025-01-17 17:37:00,AC,23.193462873747315
2025-01-17 17:38:00,AC,23.884436061500576
2025-01-17 17:39:00,Fan,24.445505251442903
2025-01-17 17:40:00,Fan,26.96511353263782
2025-01-17 17:41:00,Fan,26.587166767928306
2025-01-17 17:42:00,Fan,25.44117370873344
2025-01-17 17:43:00,AC,23.736282861671597
2025-01-17 17:44:00,AC,19.202847093170416
2025-01-17 17:45:00,Fan,22.655585261857727
2025-01-17 17:46:00,AC,23.12377180173253
2025-01-17 17:47:00,AC,20.63489889980249
2025-01-17 17:48:00,AC,23.081813125242363
2025-01-17 17:49:00,AC,23.358541231172488
2025-01-17 17:50:00,AC,18.374745561714427
2025-01-17 17:51:00,AC,23.300788577916364
2025-01-17 17:52:00,AC,20.68991433221653
2025-01-17 17:53:00,AC,21.062594934025395
2025-01-17 17:54:00,Fan,25.759555066559262
2025-01-17 17:55:00,AC,23.55829564038052
2025-01-17 17:56:00,AC,18.114696566578584
2025-01-17 17:57:00,Fan,24.861060809906903
2025-01-17 17:58:00,AC,22.126332254583364
2025-01-17 17:59:00,Fan,26.336241746189373
2025-01-17 18:00:00,Fan,26.155194589222646
2025-01-17 18:01:00,AC,18.806610776448732
2025-01-17 18:02:00,AC,19.79637353023009
2025-01-17 18:03:00,Fan,24.152293152502082
2025-01-17 18:04:00,Fan,26.82662324607703
2025-01-17 18:05:00,AC,19.672559234487316
2025-01-17 18:06:00,Fan,23.26422978320322
2025-01-17 18:07:00,AC,23.744688114228577
2025-01-17 18:08:00,Fan,22.053179710680812
2025-01-17 18:09:00,AC,23.98692513409187
2025-01-17 18:10:00,Fan,26.060927793144373
2025-01-17 18:11:00,Fan,26.9708157966947
2025-01-17 18:12:00,Fan,23.76771637807716
2025-01-17 18:13:00,Fan,22.08589166600236
2025-01-17 18:14:00,AC,22.42721711136918
2025-01-17 18:15:00,AC,23.004867582004053
2025-01-17 18:16:00,AC,22.442856791721113
2025-01-17 18:17:00,AC,18.85710172380503
2025-01-17 18:18:00,Fan,26.520567533541815
2025-01-17 18:19:00,AC,22.613536692645845
2025-01-17 18:20:00,AC,21.951243094020327
2025-01-17 18:21:00,Fan,26.596695596773518
2025-01-17 18:22:00,Fan,27.075528638066395
2025-01-17 18:23:00,Fan,25.68162468542475
2025-01-17 18:24:00,Fan,22.531628283818073
2025-01-17 18:25:00,AC,20.925766858003264
2025-01-17 18:26:00,AC,18.46589600802963
2025-01-17 18:27:00,Fan,24.445258186194586
2025-01-17 18:28:00,Fan,24.442638934753766
2025-01-17 18:29:00,AC,18.39605906484145
2025-01-17 18:30:00,Fan,24.092923203816877
2025-01-17 18:31:00,AC,18.66598859274789
2025-01-17 18:32:00,AC,22.849411260055334
2025-01-17 18:33:00,Fan,27.686128155786825
2025-01-17 18:34:00,Fan,22.43389885154763
2025-01-17 18:35:00,Fan,27.730691243750208
2025-01-17 18:36:00,AC,21.13545959602047
2025-01-17 18:37:00,Fan,23.797394067723243
2025-01-17 18:38:00,AC,18.46117245165698
2025-01-17 18:39:00,AC,21.003745608422506
2025-01-17 18:40:00,Fan,26.767093266944492
2025-01-17 18:41:00,Fan,26.24251886360019
2025-01-17 18:42:00,Fan,22.301356068783843
2025-01-17 18:43:00,Fan,22.43741101220742
2025-01-17 18:44:00,Fan,24.41723969579582
2025-01-17 18:45:00,Fan,23.77174296428766
2025-01-17 18:46:00,AC,19.394305938336288
2025-01-17 18:47:00,AC,19.68602699345228
2025-01-17 18:48:00,AC,22.82089645978131
2025-01-17 18:49:00,AC,23.575368321791125
2025-01-17 18:50:00,Fan,24.430616167165397
2025-01-17 18:51:00,AC,23.436666012794984
2025-01-17 18:52:00,AC,19.928974207487293
2025-01-17 18:53:00,AC,20.85862191806275
2025-01-17 18:54:00,Fan,23.356173986896
2025-01-17 18:55:00,AC,21.842856253055064
2025-01-17 18:56:00,Fan,27.873886691048853
2025-01-17 18:57:00,AC,21.62095857626027
2025-01-17 18:58:00,AC,20.146884504681292
2025-01-17 18:59:00,Fan,25.88690467594317
2025-01-17 19:00:00,Fan,22.737524070792325
2025-01-17 19:01:00,AC,23.33195448159239
2025-01-17 19:02:00,Fan,25.01850370467902
2025-01-17 19:03:00,Fan,24.69609845223785
2025-01-17 19:04:00,AC,21.515188730721114
2025-01-17 19:05:00,Fan,25.748703176736413
2025-01-17 19:06:00,Fan,22.43065483735908
2025-01-17 19:07:00,Fan,26.095703327340416
2025-01-17 19:08:00,Fan,23.451590081893176
2025-01-17 19:09:00,Fan,26.28371579503954
2025-01-17 19:10:00,Fan,26.93520876630518
2025-01-17 19:11:00,Fan,26.82375104531512
2025-01-17 19:12:00,Fan,25.315005804447335
2025-01-17 19:13:00,Fan,25.121019353864508
2025-01-17 19:14:00,Fan,22.85725576803647
2025-01-17 19:15:00,Fan,26.652076902418813
2025-01-17 19:16:00,AC,19.628456282680286
2025-01-17 19:17:00,Fan,24.98017253690768
2025-01-17 19:18:00,Fan,23.7056445575651
2025-01-17 19:19:00,AC,18.80297017799816
2025-01-17 19:20:00,Fan,25.77734618135042
2025-01-17 19:21:00,AC,18.32599220893742
2025-01-17 19:22:00,AC,22.491871404757198
2025-01-17 19:23:00,Fan,23.9055207715667
2025-01-17 19:24:00,AC,18.000808158026913
2025-01-17 19:25:00,Fan,25.06677483542338
2025-01-17 19:26:00,Fan,22.281111451165618
2025-01-17 19:27:00,Fan,23.657017346925397
2025-01-17 19:28:00,AC,22.241858924734295
2025-01-17 19:29:00,AC,18.376137729731195
2025-01-17 19:30:00,Fan,27.036030954136013
2025-01-17 19:31:00,Fan,22.022919535951498
2025-01-17 19:32:00,Fan,23.480943215211415
2025-01-17 19:33:00,AC,22.445424336912428
2025-01-17 19:34:00,Fan,23.89762089837584
2025-01-17 19:35:00,Fan,22.611354328396082
2025-01-17 19:36:00,Fan,24.16140351280257
2025-01-17 19:37:00,AC,19.622359718307152
2025-01-17 19:38:00,Fan,27.05627141296333
2025-01-17 19:39:00,Fan,23.880087505510858
2025-01-17 19:40:00,Fan,26.733594830656045
2025-01-17 19:41:00,AC,23.351232868864408
2025-01-17 19:42:00,Fan,24.602904517459177
2025-01-17 19:43:00,Fan,27.45965886312635
2025-01-17 19:44:00,AC,20.263908323779155
2025-01-17 19:45:00,Fan,27.78447049894065
2025-01-17 19:46:00,Fan,22.535737147153437
2025-01-17 19:47:00,AC,22.122115599019455
2025-01-17 19:48:00,AC,20.962884242741573
2025-01-17 19:49:00,Fan,24.32589283273388
2025-01-17 19:50:00,AC,21.796271272491605
2025-01-17 19:51:00,Fan,26.223142549805985
2025-01-17 19:52:00,AC,18.026179617901853
2025-01-17 19:53:00,Fan,23.001718532483192
2025-01-17 19:54:00,AC,22.27827630380591
2025-01-17 19:55:00,Fan,25.998312481469238
2025-01-17 19:56:00,Fan,27.79628503077206
2025-01-17 19:57:00,Fan,26.5662267415047
2025-01-17 19:58:00,Fan,27.704636246388027
2025-01-17 19:59:00,AC,22.21524300920884
2025-01-17 20:00:00,Fan,23.78831325183666
2025-01-17 20:01:00,AC,18.632189533505137
2025-01-17 20:02:00,AC,22.690943180069613
2025-01-17 20:03:00,AC,21.864895328855496
2025-01-17 20:04:00,AC,18.28911607435978
2025-01-17 20:05:00,Fan,24.16030279540587
2025-01-17 20:06:00,Fan,27.740798892905715
2025-01-17 20:07:00,AC,21.002406874261208
2025-01-17 20:08:00,AC,20.596374816118228
2025-01-17 20:09:00,Fan,24.746197630955763
2025-01-17 20:10:00,AC,19.253296344030982
2025-01-17 20:11:00,AC,20.21224302518877
2025-01-17 20:12:00,AC,20.218879535923058
2025-01-17 20:13:00,Fan,22.314130121124833
2025-01-17 20:14:00,Fan,26.60540577110751
2025-01-17 20:15:00,AC,20.499026591423274
2025-01-17 20:16:00,AC,22.93307932089854
2025-01-17 20:17:00,Fan,27.10208800671937
2025-01-17 20:18:00,Fan,23.27196432819195
2025-01-17 20:19:00,AC,21.94412089302077
2025-01-17 20:20:00,Fan,24.83369082497789
2025-01-17 20:21:00,AC,23.28094042752891
2025-01-17 20:22:00,AC,19.294444075058724
2025-01-17 20:23:00,Fan,26.066879201860267
2025-01-17 20:24:00,AC,21.646512733516335
2025-01-17 20:25:00,Fan,23.771808865430998
2025-01-17 20:26:00,AC,18.819605421907035
2025-01-17 20:27:00,AC,21.90983856286366
2025-01-17 20:28:00,Fan,26.431584748793984
2025-01-17 20:29:00,AC,19.8937640625801
2025-01-17 20:30:00,Fan,25.868995624133884
2025-01-17 20:31:00,AC,20.37078544566902
2025-01-17 20:32:00,AC,22.279241299695705
2025-01-17 20:33:00,AC,19.195291649364318
2025-01-17 20:34:00,Fan,27.341290015817044
2025-01-17 20:35:00,AC,19.72445757879348
2025-01-17 20:36:00,Fan,24.206715926536916
2025-01-17 20:37:00,AC,18.3485517124821
2025-01-17 20:38:00,Fan,22.66907327392766
2025-01-17 20:39:00,AC,21.09517141627397
2025-01-17 20:40:00,Fan,23.605556060367828
2025-01-17 20:41:00,Fan,27.012881354453167
2025-01-17 20:42:00,Fan,22.08816033192972
2025-01-17 20:43:00,Fan,24.274564292031616
2025-01-17 20:44:00,Fan,24.024073280614555
2025-01-17 20:45:00,Fan,22.115965785505605
2025-01-17 20:46:00,AC,18.74621039400306
2025-01-17 20:47:00,AC,20.481856049511812
2025-01-17 20:48:00,Fan,24.95718750668468
2025-01-17 20:49:00,Fan,24.425738483529216
2025-01-17 20:50:00,Fan,25.185626070472562
2025-01-17 20:51:00,AC,21.570790049434088
2025-01-17 20:52:00,AC,18.059542926767016
2025-01-17 20:53:00,AC,20.784570956721023
2025-01-17 20:54:00,Fan,27.78099544532553
2025-01-17 20:55:00,AC,21.11419368077729
2025-01-17 20:56:00,AC,22.06525360475372
2025-01-17 20:57:00,AC,19.8711831475013
2025-01-17 20:58:00,AC,22.643948268916574
2025-01-17 20:59:00,Fan,26.63752889125669
2025-01-17 21:00:00,AC,21.127776285924835
2025-01-17 21:01:00,Fan,27.856082939675282
2025-01-17 21:02:00,AC,18.75330128857592
2025-01-17 21:03:00,AC,18.101685989337486
2025-01-17 21:04:00,AC,22.620949270542575
2025-01-17 21:05:00,AC,22.842933224189295
2025-01-17 21:06:00,AC,18.721243374723457
2025-01-17 21:07:00,AC,19.593496997751636
2025-01-17 21:08:00,Fan,22.105314180199773
2025-01-17 21:09:00,AC,19.75985166468339
2025-01-17 21:10:00,Fan,26.63885124351203
2025-01-17 21:11:00,Fan,25.107763166275475
2025-01-17 21:12:00,Fan,24.088573559009728
2025-01-17 21:13:00,AC,20.23043576943798
2025-01-17 21:14:00,AC,18.00812175429281
2025-01-17 21:15:00,AC,19.798803165391416
2025-01-17 21:16:00,AC,21.878752449827584
2025-01-17 21:17:00,Fan,27.845166662898144
2025-01-17 21:18:00,AC,23.082364961903398
2025-01-17 21:19:00,AC,18.141569787873173
2025-01-17 21:20:00,Fan,27.391363628049035
2025-01-17 21:21:00,Fan,26.699190479791756
2025-01-17 21:22:00,Fan,26.68225674142588
2025-01-17 21:23:00,AC,20.74797455402143
2025-01-17 21:24:00,AC,20.388031757727017
2025-01-17 21:25:00,Fan,23.817494372999157
2025-01-17 21:26:00,AC,18.394169153726196
2025-01-17 21:27:00,AC,19.369412180962193
2025-01-17 21:28:00,AC,19.47962180986815
2025-01-17 21:29:00,AC,20.90446241826121
2025-01-17 21:30:00,AC,22.484666439580163
2025-01-17 21:31:00,AC,20.84285897038768
2025-01-17 21:32:00,Fan,22.347066696682965
2025-01-17 21:33:00,Fan,27.746738805929223
2025-01-17 21:34:00,Fan,27.656345914564675
2025-01-17 21:35:00,AC,22.71113725889045
2025-01-17 21:36:00,AC,23.947967409385324
2025-01-17 21:37:00,AC,21.266893996801578
2025-01-17 21:38:00,Fan,27.776610101519235
2025-01-17 21:39:00,Fan,22.453630243700506
2025-01-17 21:40:00,AC,20.194084489568226
2025-01-17 21:41:00,Fan,23.352287608040594
2025-01-17 21:42:00,AC,19.17499850480562
2025-01-17 21:43:00,Fan,22.844817693356056
2025-01-17 21:44:00,Fan,25.73448184939598
2025-01-17 21:45:00,Fan,26.68793113448383
2025-01-17 21:46:00,Fan,25.469790396522164
2025-01-17 21:47:00,Fan,22.881776257529257
2025-01-17 21:48:00,AC,22.866742619600824
2025-01-17 21:49:00,Fan,25.81572824298237
2025-01-17 21:50:00,AC,20.32899423676197
2025-01-17 21:51:00,Fan,26.04478177321638
2025-01-17 21:52:00,Fan,23.559429875456996
2025-01-17 21:53:00,Fan,24.071153250965263
2025-01-17 21:54:00,AC,23.50491505879194
2025-01-17 21:55:00,Fan,23.743027034028522
2025-01-17 21:56:00,Fan,24.819929608947618
2025-01-17 21:57:00,Fan,27.340846824376086
2025-01-17 21:58:00,AC,22.246328101605165
2025-01-17 21:59:00,AC,18.373219356988216
2025-01-17 22:00:00,AC,18.88381826567382
2025-01-17 22:01:00,AC,18.047049544631502
2025-01-17 22:02:00,Fan,25.78553074137498
2025-01-17 22:03:00,AC,20.686040552462508
2025-01-17 22:04:00,Fan,22.805649105413654
2025-01-17 22:05:00,AC,23.747604726340622
2025-01-17 22:06:00,AC,21.17795834367372
2025-01-17 22:07:00,Fan,23.451359764677335
2025-01-17 22:08:00,Fan,25.003621426928245
2025-01-17 22:09:00,AC,22.077721996410645
2025-01-17 22:10:00,Fan,22.457435307841386
2025-01-17 22:11:00,Fan,23.64822289028735
2025-01-17 22:12:00,AC,22.84179294530396
2025-01-17 22:13:00,Fan,24.75798922241597
2025-01-17 22:14:00,Fan,25.27946285219377
2025-01-17 22:15:00,Fan,24.596896013256817
2025-01-17 22:16:00,AC,18.26339965585803
2025-01-17 22:17:00,Fan,22.994498678920934
2025-01-17 22:18:00,AC,20.673249832451347
2025-01-17 22:19:00,AC,19.255112792447566
2025-01-17 22:20:00,AC,18.299874171958074
2025-01-17 22:21:00,AC,23.061897984310942
2025-01-17 22:22:00,Fan,27.887155174984695
2025-01-17 22:23:00,Fan,26.758857243980437
2025-01-17 22:24:00,Fan,27.122709530228
2025-01-17 22:25:00,AC,19.45186278190227
2025-01-17 22:26:00,AC,23.7637618530792
2025-01-17 22:27:00,AC,19.18155422672057
2025-01-17 22:28:00,Fan,27.708578862170995
2025-01-17 22:29:00,AC,23.968915763795707
2025-01-17 22:30:00,Fan,26.270336834476293
2025-01-17 22:31:00,Fan,27.88686239075093
2025-01-17 22:32:00,AC,21.417238677402622
2025-01-17 22:33:00,Fan,23.557250699056542
2025-01-17 22:34:00,AC,20.621975313993726
2025-01-17 22:35:00,Fan,25.561365612272716
2025-01-17 22:36:00,Fan,22.43848937216209
2025-01-17 22:37:00,AC,21.734059587703477
2025-01-17 22:38:00,AC,23.887067020573767
2025-01-17 22:39:00,Fan,23.140645898702367
2025-01-17 22:40:00,Fan,26.7555706977303
2025-01-17 22:41:00,AC,23.447392762677715
2025-01-17 22:42:00,Fan,27.662209556921326
2025-01-17 22:43:00,Fan,27.760813626432682
2025-01-17 22:44:00,Fan,25.12875783232883
2025-01-17 22:45:00,AC,23.86384744794902
2025-01-17 22:46:00,Fan,26.543861242806635
2025-01-17 22:47:00,Fan,22.97002861742177
2025-01-17 22:48:00,AC,20.86140063880782
2025-01-17 22:49:00,AC,22.309987052232024
2025-01-17 22:50:00,Fan,23.4840418949145
2025-01-17 22:51:00,AC,21.843691101293324
2025-01-17 22:52:00,Fan,25.999602874279717
2025-01-17 22:53:00,AC,18.976198462851396
2025-01-17 22:54:00,AC,21.390511874716537
2025-01-17 22:55:00,Fan,26.629761465871645
2025-01-17 22:56:00,AC,20.99337398721565
2025-01-17 22:57:00,Fan,22.072618700656644
2025-01-17 22:58:00,AC,18.05423081447575
2025-01-17 22:59:00,Fan,24.142176063820074
2025-01-17 23:00:00,AC,23.557164410590694
2025-01-17 23:01:00,AC,19.372060677621654
2025-01-17 23:02:00,Fan,25.806182133230124
2025-01-17 23:03:00,AC,19.332455224159922
2025-01-17 23:04:00,Fan,23.93001993795729
2025-01-17 23:05:00,AC,23.088252537608902
2025-01-17 23:06:00,Fan,26.37316865361968
2025-01-17 23:07:00,AC,18.572395663879263
2025-01-17 23:08:00,Fan,24.5722121259186
2025-01-17 23:09:00,AC,18.175018581871587
2025-01-17 23:10:00,AC,20.885340879618056
2025-01-17 23:11:00,AC,21.974604070206407
2025-01-17 23:12:00,AC,18.71101574158891
2025-01-17 23:13:00,Fan,23.733309633454994
2025-01-17 23:14:00,AC,20.387019753012943
2025-01-17 23:15:00,Fan,27.5171861479363
2025-01-17 23:16:00,AC,23.959530092537783
2025-01-17 23:17:00,AC,18.269467793973696
2025-01-17 23:18:00,Fan,26.566047540972352
2025-01-17 23:19:00,Fan,24.23034439841406
2025-01-17 23:20:00,AC,20.35474911737688
2025-01-17 23:21:00,AC,22.525589840082137
2025-01-17 23:22:00,AC,23.510558592872453
2025-01-17 23:23:00,Fan,27.70557156701529
2025-01-17 23:24:00,Fan,25.462735516229927
2025-01-17 23:25:00,AC,20.142726955803017
2025-01-17 23:26:00,Fan,26.725294515152676
2025-01-17 23:27:00,Fan,23.5060082995738
2025-01-17 23:28:00,Fan,25.384444173001107
2025-01-17 23:29:00,Fan,24.15147076914924
2025-01-17 23:30:00,AC,21.939786442247257
2025-01-17 23:31:00,AC,19.44239347736104
2025-01-17 23:32:00,AC,19.149557674408953
2025-01-17 23:33:00,AC,23.509434520052622
2025-01-17 23:34:00,Fan,22.61082209769722
2025-01-17 23:35:00,Fan,25.03574744640959
2025-01-17 23:36:00,AC,19.325116697778054
2025-01-17 23:37:00,AC,18.233579779954006
2025-01-17 23:38:00,AC,18.21611290974856
2025-01-17 23:39:00,Fan,23.051330632634965
2025-01-17 23:40:00,AC,23.200622127036002
2025-01-17 23:41:00,Fan,23.69487246386216
2025-01-17 23:42:00,AC,23.702755023451775
2025-01-17 23:43:00,AC,21.489733757935163
2025-01-17 23:44:00,Fan,24.619685138612596
2025-01-17 23:45:00,Fan,25.480533008016728
2025-01-17 23:46:00,AC,21.100190311357608
2025-01-17 23:47:00,Fan,26.552657522543953
2025-01-17 23:48:00,Fan,23.694976395837113
2025-01-17 23:49:00,Fan,24.118302349601812
2025-01-17 23:50:00,AC,23.364565815199505
2025-01-17 23:51:00,Fan,27.67873907890243
2025-01-17 23:52:00,AC,23.355349364918847
2025-01-17 23:53:00,Fan,24.51668796374388
2025-01-17 23:54:00,AC,22.68219301804129
2025-01-17 23:55:00,AC,20.858014399806592
2025-01-17 23:56:00,AC,20.985239112876613
2025-01-17 23:57:00,Fan,23.228080654343703
2025-01-17 23:58:00,AC,21.5467818195511
2025-01-17 23:59:00,Fan,23.116815386520088
